{
  "k": 48,
  "covariance_type": "full",
  "bic": -26680686.85948755,
  "tiny_component_fraction": 0.0,
  "silhouette": 0.07108031992699372
}